{
  "version": 1,
  "width": 118,
  "height": 29,
  "duration": 34.965211,
  "command": null,
  "title": null,
  "env": {
    "TERM": "xterm-256color",
    "SHELL": "/usr/local/bin/zsh"
  },
  "stdout": [
    [
      0.125725,
      "\r\u001b[0m\u001b[27m\u001b[24m\u001b[J\u001b[34m~/s/h/i/docs \u001b[K"
    ],
    [
      0.000105,
      "\u001b[?1h\u001b="
    ],
    [
      0.000117,
      "\r\r\u001b[0m\u001b[27m\u001b[24m\u001b[J\u001b[34m~/s/h/i/docs \u001b[1m\u001b[34m\u001b[31m❯\u001b[33m❯\u001b[32m❯\u001b[39m\u001b[0m \u001b[K"
    ],
    [
      2.4e-05,
      "\u001b[?2004h"
    ],
    [
      0.035498,
      "\r\r\u001b[0m\u001b[27m\u001b[24m\u001b[J\u001b[34m~/s/h/i/docs \u001b[1m\u001b[34m\u001b[31m❯\u001b[33m❯\u001b[32m❯\u001b[39m\u001b[0m \u001b[K\u001b[71C \u001b[1m\u001b[32mfeature/docs_asciinema\u001b[39m\u001b[0m \u001b[1m\u001b[31m✖\u001b[39m\u001b[0m \u001b[1m\u001b[34m✱\u001b[39m\u001b[0m \u001b[1m\u001b[37m◼\u001b[39m\u001b[0m\u001b[100D"
    ],
    [
      0.679881,
      "asciinema rec _static/casts/how_to_make_screen_cast.json"
    ],
    [
      0.904088,
      "\u001b[?1l\u001b>"
    ],
    [
      0.001967,
      "\u001b[?2004l\r\r\u001b[0m\u001b[27m\u001b[24m\u001b[J\u001b[34m~/s/h/i/docs \u001b[1m\u001b[34m\u001b[31m❯\u001b[33m❯\u001b[32m❯\u001b[39m\u001b[0m asciinema rec _static/casts/how_to_make_screen_cast.json\u001b[K\u001b[15C \u001b[1m\u001b[32mfeature/docs_asciinema\u001b[39m\u001b[0m \u001b[1m\u001b[31m✖\u001b[39m\u001b[0m \u001b[1m\u001b[34m✱\u001b[39m\u001b[0m \u001b[1m\u001b[37m◼\u001b[39m\u001b[0m\u001b[44D"
    ],
    [
      0.000101,
      "\r\r\n"
    ],
    [
      0.179908,
      "\u001b[32m~ Asciicast recording started.\u001b[0m\r\n\u001b[32m~ Hit Ctrl-D or type \"exit\" to finish.\u001b[0m\r\n"
    ],
    [
      0.127888,
      "\r\u001b[0m\u001b[27m\u001b[24m\u001b[J\u001b[34m~/s/h/i/docs \u001b[K"
    ],
    [
      0.000253,
      "\u001b[?1h\u001b="
    ],
    [
      9.5e-05,
      "\r\r\u001b[0m\u001b[27m\u001b[24m\u001b[J\u001b[34m~/s/h/i/docs \u001b[1m\u001b[34m\u001b[31m❯\u001b[33m❯\u001b[32m❯\u001b[39m\u001b[0m \u001b[K"
    ],
    [
      1.5e-05,
      "\u001b[?2004h"
    ],
    [
      0.035461,
      "\r\r\u001b[0m\u001b[27m\u001b[24m\u001b[J\u001b[34m~/s/h/i/docs \u001b[1m\u001b[34m\u001b[31m❯\u001b[33m❯\u001b[32m❯\u001b[39m\u001b[0m \u001b[K\u001b[71C \u001b[1m\u001b[32mfeature/docs_asciinema\u001b[39m\u001b[0m \u001b[1m\u001b[31m✖\u001b[39m\u001b[0m \u001b[1m\u001b[34m✱\u001b[39m\u001b[0m \u001b[1m\u001b[37m◼\u001b[39m\u001b[0m\u001b[100D"
    ],
    [
      1.167375,
      "v"
    ],
    [
      0.071108,
      "\bvi"
    ],
    [
      0.272051,
      "m"
    ],
    [
      0.120328,
      " "
    ],
    [
      0.975492,
      "s"
    ],
    [
      0.583935,
      "r"
    ],
    [
      0.456032,
      "c"
    ],
    [
      0.535993,
      "/"
    ],
    [
      0.360068,
      "g"
    ],
    [
      0.183911,
      "u"
    ],
    [
      0.095923,
      "i"
    ],
    [
      0.214629,
      "\u001b[1m\u001b[37m...\u001b[39m\u001b[0m"
    ],
    [
      0.009877,
      "\u001b[33m\u001b[39m\r\r\u001b[0m\u001b[27m\u001b[24m\u001b[J\u001b[34m~/s/h/i/docs \u001b[1m\u001b[34m\u001b[31m❯\u001b[33m❯\u001b[32m❯\u001b[39m\u001b[0m vim src/guide\u001b[1m/\u001b[0m\u001b[K\u001b[57C \u001b[1m\u001b[32mfeature/docs_asciinema\u001b[39m\u001b[0m \u001b[1m\u001b[31m✖\u001b[39m\u001b[0m \u001b[1m\u001b[34m✱\u001b[39m\u001b[0m \u001b[1m\u001b[37m◼\u001b[39m\u001b[0m\u001b[86D"
    ],
    [
      1.135292,
      "\b\u001b[0m/h"
    ],
    [
      0.112087,
      "o"
    ],
    [
      0.320093,
      "w"
    ],
    [
      0.84794,
      "t"
    ],
    [
      0.208032,
      "o"
    ],
    [
      0.383964,
      "-"
    ],
    [
      0.424045,
      "m"
    ],
    [
      0.160022,
      "a"
    ],
    [
      0.294192,
      "\u001b[1m\u001b[37m...\u001b[39m\u001b[0m"
    ],
    [
      0.004678,
      "\u001b[33m\u001b[39m\r\r\u001b[0m\u001b[27m\u001b[24m\u001b[J\u001b[34m~/s/h/i/docs \u001b[1m\u001b[34m\u001b[31m❯\u001b[33m❯\u001b[32m❯\u001b[39m\u001b[0m vim src/guide/howto-make-screencasts.rst\u001b[1m \u001b[0m\u001b[K\u001b[30C \u001b[1m\u001b[32mfeature/docs_asciinema\u001b[39m\u001b[0m \u001b[1m\u001b[31m✖\u001b[39m\u001b[0m \u001b[1m\u001b[34m✱\u001b[39m\u001b[0m \u001b[1m\u001b[37m◼\u001b[39m\u001b[0m\u001b[59D"
    ],
    [
      0.948947,
      "\b\u001b[0m \b"
    ],
    [
      3.5e-05,
      "\u001b[?1l\u001b>"
    ],
    [
      0.002028,
      "\u001b[?2004l\r\r\u001b[0m\u001b[27m\u001b[24m\u001b[J\u001b[34m~/s/h/i/docs \u001b[1m\u001b[34m\u001b[31m❯\u001b[33m❯\u001b[32m❯\u001b[39m\u001b[0m vim src/guide/howto-make-screencasts.rst\u001b[K\u001b[31C \u001b[1m\u001b[32mfeature/docs_asciinema\u001b[39m\u001b[0m \u001b[1m\u001b[31m✖\u001b[39m\u001b[0m \u001b[1m\u001b[34m✱\u001b[39m\u001b[0m \u001b[1m\u001b[37m◼\u001b[39m\u001b[0m\u001b[60D"
    ],
    [
      9e-05,
      "\r\r\n"
    ],
    [
      0.063876,
      "  history=50"
    ],
    [
      0.003876,
      "\u001b[?25l\u001b[J\u001b[29;1H"
    ],
    [
      0.071812,
      "\u001b[?2004h\r\nPress ENTER or type command to continue"
    ],
    [
      2.1e-05,
      "\u001b[?25h"
    ],
    [
      0.689952,
      "\u001b[?1049h\u001b[?1h\u001b=\u001b[?2004h"
    ],
    [
      0.001807,
      "\u001b[1;29r\u001b[?12;25h\u001b[?25h\u001b[27m\u001b[m\u001b[38;5;244m\u001b[48;5;234m\u001b[H\u001b[2J\u001b[?25l\u001b[29;1H\"src/guide/howto-make-screencasts.rst\""
    ],
    [
      2e-05,
      " 10L, 277C"
    ],
    [
      0.117497,
      "\u001b[2;1H▽\u001b[6n\u001b[2;1H  \u001b[1;1H\u001b[>c"
    ],
    [
      0.096635,
      "\u001b[1;1H\u001b[1m\u001b[38;5;230m\u001b[48;5;245m s/g/howto-make-screencasts.rst \u001b[m\u001b[38;5;244m\u001b[48;5;234m\u001b[38;5;245m\u001b[48;5;235m\u001b[m\u001b[38;5;244m\u001b[48;5;234m\u001b[1;34H\u001b[38;5;240m\u001b[48;5;235m                                                                          \u001b[m\u001b[38;5;244m\u001b[48;5;234m\u001b[38;5;235m\u001b[48;5;235m\u001b[m\u001b[38;5;244m\u001b[48;5;234m\u001b[1;109H\u001b[38;5;241m\u001b[48;5;235m\u001b[m\u001b[38;5;244m\u001b[48;5;234m\u001b[1;110H\u001b[38;5;254m\u001b[48;5;241m buffers \u001b[m\u001b[38;5;244m\u001b[48;5;234m\u001b[2;1H\u001b[38;5;239m\u001b[48;5;235m  1 \u001b[m\u001b[38;5;244m\u001b[48;5;234m\u001b[38;5;64mHow to record screen casts\u001b[m\u001b[38;5;244m\u001b[48;5;234m\r\n\u001b[38;5;239m\u001b[48;5;235m  2 \u001b[m\u001b[38;5;244m\u001b[48;5;234m\u001b[38;5;64m==========================\u001b[m\u001b[38;5;244m\u001b[48;5;234m\r\n\u001b[38;5;239m\u001b[48;5;235m  3 \r\n  4 \u001b[m\u001b[38;5;244m\u001b[48;5;234mCommand line tool \u001b[38;5;61masciinema_\u001b[m\u001b[38;5;244m\u001b[48;5;234m  screen casts are quite simple to record.\r\n\u001b[38;5;239m\u001b[48;5;235m  5 \r\n  6 \u001b[m\u001b[38;5;244m\u001b[48;5;234m\u001b[38;5;166m.. \u001b[m\u001b[38;5;244m\u001b[48;5;234m\u001b[38;5;64m_asciinema: \u001b[m\u001b[38;5;244m\u001b[48;5;234m\u001b[38;5;37mhttps://asciinema.org/\u001b[m\u001b[38;5;24"
    ],
    [
      2e-05,
      "4m\u001b[48;5;234m\r\n\u001b[38;5;239m\u001b[48;5;235m  7 \r\n  8 \u001b[m\u001b[38;5;244m\u001b[48;5;234m\u001b[38;5;166m.. \u001b[m\u001b[38;5;244m\u001b[48;5;234m\u001b[38;5;64mraw:: \u001b[m\u001b[38;5;244m\u001b[48;5;234m\u001b[38;5;37mhtml\u001b[m\u001b[38;5;244m\u001b[48;5;234m\r\n\u001b[38;5;239m\u001b[48;5;235m  9 \r\n 10 \u001b[m\u001b[38;5;244m\u001b[48;5;234m\u001b[38;5;37m   <asciinema-player src=\"../../_static/casts/how_to_make_screen_cast.json\"></asciinema-player>\u001b[m\u001b[38;5;244m\u001b[48;5;234m\r\n\u001b[1m\u001b[38;5;240m~                                                                                                                     \u001b[13;1H~                                                                                                                     \u001b[14;1H~                                                                                                                     \u001b[15;1H~                                                                                                                     \u001b[16;1H~                                                                                                                     "
    ],
    [
      0.003464,
      "\u001b[17;1H~                                                                                                                     \u001b[18;1H~                                                                                                                     \u001b[19;1H~                                                                                                                     \u001b[20;1H~                                                                                                                     \u001b[21;1H~                                                                                                                     \u001b[22;1H~                                                                                                                     \u001b[23;1H~                                                                                                                     \u001b[24;1H~                                                                                                                     \u001b[25;1H~                "
    ],
    [
      3e-05,
      "                                                                                                     \u001b[26;1H~                                                                                                                     \u001b[27;1H~                                                                                                                     \u001b[m\u001b[38;5;244m\u001b[48;5;234m\u001b[28;1H\u001b[1m\u001b[38;5;230m\u001b[48;5;245m NORMAL \u001b[28;10H SPELL \u001b[m\u001b[38;5;244m\u001b[48;5;234m\u001b[38;5;245m\u001b[48;5;241m\u001b[m\u001b[38;5;244m\u001b[48;5;234m\u001b[28;18H\u001b[38;5;254m\u001b[48;5;241m \u001b[28;20H feature/docs_a…\u001b[28;36H \u001b[m\u001b[38;5;244m\u001b[48;5;234m\u001b[38;5;241m\u001b[48;5;235m\u001b[m\u001b[38;5;244m\u001b[48;5;234m\u001b[28;38H\u001b[38;5;240m\u001b[48;5;235m <make-screencasts.rst  \u001b[m\u001b[38;5;244m\u001b[48;5;234m\u001b[38;5;235m\u001b[48;5;235m\u001b[m\u001b[38;5;244m\u001b[48;5;234m\u001b[28;63H\u001b[38;5;240m\u001b[48;5;235m rst \u001b[m\u001b[38;5;244m\u001b[48;5;234m\u001b[38;5;241m\u001b[48;5;235m\u001b[m\u001b[38;5;244m\u001b[48;5;234m\u001b[28;69H\u001b[38;5;254m\u001b[48;5;241m utf-8[unix] \u001b[m\u001b[38;5;244m\u001b[48;5;234m\u001b[38;5;245m\u001b[48;5;241m\u001b[m\u001b[38;5;244m\u001b[48;5;234m"
    ],
    [
      0.000103,
      "\u001b[28;83H\u001b[38;5;230m\u001b[48;5;245m 25 words \u001b[28;94H  10% \u001b[m\u001b[38;5;244m\u001b[48;5;234m\u001b[1m\u001b[38;5;230m\u001b[48;5;245m☰    1/10 \u001b[m\u001b[38;5;244m\u001b[48;5;234m\u001b[28;111H\u001b[38;5;230m\u001b[48;5;245m :  1 \u001b[m\u001b[38;5;244m\u001b[48;5;234m\u001b[38;5;166m\u001b[48;5;245m\u001b[m\u001b[38;5;244m\u001b[48;5;234m\u001b[28;118H\u001b[38;5;160m\u001b[48;5;166m\u001b]2;howto-make-screencasts.rst (~/src/hmhco/io.hmheng.platform/docs/src/guide) - VIM\u0007"
    ],
    [
      0.001087,
      "\u001b[2;5H\u001b[?25h"
    ],
    [
      1.63778,
      "\u001b[m\u001b[38;5;244m\u001b[48;5;234m\u001b[28;96H\u001b[38;5;230m\u001b[48;5;245m2\u001b[m\u001b[38;5;244m\u001b[48;5;234m\u001b[8C\u001b[1m\u001b[38;5;230m\u001b[48;5;245m2/\u001b[3;5H"
    ],
    [
      0.2316,
      "\u001b[m\u001b[38;5;244m\u001b[48;5;234m\u001b[28;96H\u001b[38;5;230m\u001b[48;5;245m3\u001b[m\u001b[38;5;244m\u001b[48;5;234m\u001b[8C\u001b[1m\u001b[38;5;230m\u001b[48;5;245m3/\u001b[4;5H"
    ],
    [
      0.368877,
      "\u001b[m\u001b[38;5;244m\u001b[48;5;234m\u001b[28;96H\u001b[38;5;230m\u001b[48;5;245m4\u001b[m\u001b[38;5;244m\u001b[48;5;234m\u001b[8C\u001b[1m\u001b[38;5;230m\u001b[48;5;245m4/\u001b[5;5H"
    ],
    [
      0.25339,
      "\u001b[m\u001b[38;5;244m\u001b[48;5;234m\u001b[28;96H\u001b[38;5;230m\u001b[48;5;245m5\u001b[m\u001b[38;5;244m\u001b[48;5;234m\u001b[8C\u001b[1m\u001b[38;5;230m\u001b[48;5;245m5/\u001b[6;5H"
    ],
    [
      0.234194,
      "\u001b[m\u001b[38;5;244m\u001b[48;5;234m\u001b[28;96H\u001b[38;5;230m\u001b[48;5;245m6\u001b[m\u001b[38;5;244m\u001b[48;5;234m\u001b[8C\u001b[1m\u001b[38;5;230m\u001b[48;5;245m6/\u001b[7;5H"
    ],
    [
      0.18352,
      "\u001b[m\u001b[38;5;244m\u001b[48;5;234m\u001b[28;96H\u001b[38;5;230m\u001b[48;5;245m7\u001b[m\u001b[38;5;244m\u001b[48;5;234m\u001b[8C\u001b[1m\u001b[38;5;230m\u001b[48;5;245m7/\u001b[8;5H"
    ],
    [
      0.216155,
      "\u001b[m\u001b[38;5;244m\u001b[48;5;234m\u001b[28;96H\u001b[38;5;230m\u001b[48;5;245m8\u001b[m\u001b[38;5;244m\u001b[48;5;234m\u001b[8C\u001b[1m\u001b[38;5;230m\u001b[48;5;245m8/\u001b[9;5H"
    ],
    [
      0.399643,
      "\u001b[m\u001b[38;5;244m\u001b[48;5;234m\u001b[28;96H\u001b[38;5;230m\u001b[48;5;245m9\u001b[m\u001b[38;5;244m\u001b[48;5;234m\u001b[8C\u001b[1m\u001b[38;5;230m\u001b[48;5;245m9/\u001b[10;5H"
    ],
    [
      0.232192,
      "\u001b[m\u001b[38;5;244m\u001b[48;5;234m\u001b[28;95H\u001b[38;5;230m\u001b[48;5;245m10\u001b[m\u001b[38;5;244m\u001b[48;5;234m\u001b[7C\u001b[1m\u001b[38;5;230m\u001b[48;5;245m10/\u001b[11;5H"
    ],
    [
      0.919861,
      "\u001b[m\u001b[38;5;244m\u001b[48;5;234m\u001b[28;95H\u001b[38;5;230m\u001b[48;5;245m 9\u001b[m\u001b[38;5;244m\u001b[48;5;234m\u001b[7C\u001b[1m\u001b[38;5;230m\u001b[48;5;245m 9/\u001b[10;5H"
    ],
    [
      1.798028,
      "\u001b[?25l\u001b[m\u001b[38;5;244m\u001b[48;5;234m\u001b[29;1H\u001b[K\u001b[29;1H:\u001b[?2004h\u001b[?25h"
    ],
    [
      1.159687,
      "w\u001b[?25l\u001b[?25h"
    ],
    [
      0.280033,
      "\r"
    ],
    [
      0.001441,
      "\u001b[?25l\"src/guide/howto-make-screencasts.rst\""
    ],
    [
      0.001903,
      " 10L, 277C written"
    ],
    [
      0.006753,
      "\u001b[?2004l"
    ],
    [
      0.007956,
      "\u001b[?2004h\u001b]2;howto-make-screencasts.rst (~/src/hmhco/io.hmheng.platform/docs/src/guide) - VIM\u0007"
    ],
    [
      0.015149,
      "\u001b[10;5H\u001b[?25h"
    ],
    [
      2.15051,
      "\u001b[29;1H\u001b[?2004l\u001b]2;Thanks for flying Vim\u0007\u001b[39;49m\u001b[?2004l\u001b[?1l\u001b>\u001b[?1049l\r\r\n"
    ],
    [
      0.008812,
      "\r\u001b[0m\u001b[27m\u001b[24m\u001b[J\u001b[34m~/s/h/i/docs \u001b[1m\u001b[34m\u001b[31m❯\u001b[33m❯\u001b[32m❯\u001b[39m\u001b[0m \u001b[K"
    ],
    [
      6.2e-05,
      "\u001b[?1h\u001b="
    ],
    [
      0.000352,
      "\r\r\u001b[0m\u001b[27m\u001b[24m\u001b[J\u001b[34m~/s/h/i/docs \u001b[1m\u001b[34m\u001b[31m❯\u001b[33m❯\u001b[32m❯\u001b[39m\u001b[0m \u001b[K"
    ],
    [
      2e-05,
      "\u001b[?2004h"
    ],
    [
      0.03299,
      "\r\r\u001b[0m\u001b[27m\u001b[24m\u001b[J\u001b[34m~/s/h/i/docs \u001b[1m\u001b[34m\u001b[31m❯\u001b[33m❯\u001b[32m❯\u001b[39m\u001b[0m \u001b[K\u001b[71C \u001b[1m\u001b[32mfeature/docs_asciinema\u001b[39m\u001b[0m \u001b[1m\u001b[31m✖\u001b[39m\u001b[0m \u001b[1m\u001b[34m✱\u001b[39m\u001b[0m \u001b[1m\u001b[37m◼\u001b[39m\u001b[0m\u001b[100D"
    ],
    [
      3.06232,
      "m"
    ],
    [
      0.120534,
      "\bma"
    ],
    [
      0.119394,
      "k"
    ],
    [
      0.168018,
      "e"
    ],
    [
      0.255997,
      "\u001b[?1l\u001b>"
    ],
    [
      0.002,
      "\u001b[?2004l\r\r\u001b[0m\u001b[27m\u001b[24m\u001b[J\u001b[34m~/s/h/i/docs \u001b[1m\u001b[34m\u001b[31m❯\u001b[33m❯\u001b[32m❯\u001b[39m\u001b[0m make\u001b[K\u001b[67C \u001b[1m\u001b[32mfeature/docs_asciinema\u001b[39m\u001b[0m \u001b[1m\u001b[31m✖\u001b[39m\u001b[0m \u001b[1m\u001b[34m✱\u001b[39m\u001b[0m \u001b[1m\u001b[37m◼\u001b[39m\u001b[0m\u001b[96D"
    ],
    [
      7.6e-05,
      "\r\r\n"
    ],
    [
      0.027504,
      "./sphinx-build.sh  . build\r\n"
    ],
    [
      0.808709,
      "Running Sphinx v1.5.2\r\n"
    ],
    [
      0.174315,
      "loading translations [en]... "
    ],
    [
      0.001635,
      "done\r\n"
    ],
    [
      0.00059,
      "loading pickled environment... "
    ],
    [
      0.010784,
      "done\r\n"
    ],
    [
      0.006948,
      "building [mo]: targets for 0 po files that are out of date\r\n"
    ],
    [
      0.055371,
      "building [html]: targets for 1 source files that are out of date\r\n"
    ],
    [
      0.159198,
      "updating environment: "
    ],
    [
      0.049203,
      "0 added, 1 changed, 0 removed\r\nreading sources... [100%] src/guide/howto-make-screencasts\r\n"
    ],
    [
      0.033029,
      "\r\nlooking for now-outdated files... none found\r\n"
    ],
    [
      0.000178,
      "pickling environment... "
    ],
    [
      0.007197,
      "done\r\nchecking consistency... "
    ],
    [
      0.000404,
      "done\r\npreparing documents... /docs/src/guide/howto-make-screencasts.rst:: WARNING: document isn't included in any toctree\r\n"
    ],
    [
      0.013146,
      "done\r\nwriting output... [ 50%] index\r\n"
    ],
    [
      0.124512,
      "writing output... [100%] src/guide/howto-make-screencasts\r\n"
    ],
    [
      0.031448,
      "\r\ngenerating indices..."
    ],
    [
      0.000418,
      " genindex"
    ],
    [
      0.033035,
      "\r\nwriting additional pages... search"
    ],
    [
      0.023388,
      "\r\ncopying static files... "
    ],
    [
      0.06928,
      "done\r\ncopying extra files... done\r\n"
    ],
    [
      0.001883,
      "dumping search index in English (code: en) ... "
    ],
    [
      0.014921,
      "done\r\ndumping object inventory... "
    ],
    [
      0.002732,
      "done\r\nbuild succeeded, 1 warning.\r\n"
    ],
    [
      0.646696,
      "\r\u001b[0m\u001b[27m\u001b[24m\u001b[J\u001b[34m~/s/h/i/docs \u001b[1m\u001b[34m\u001b[31m❯\u001b[33m❯\u001b[32m❯\u001b[39m\u001b[0m \u001b[K"
    ],
    [
      2.4e-05,
      "\u001b[?1h\u001b="
    ],
    [
      0.000399,
      "\r\r\u001b[0m\u001b[27m\u001b[24m\u001b[J\u001b[34m~/s/h/i/docs \u001b[1m\u001b[34m\u001b[31m❯\u001b[33m❯\u001b[32m❯\u001b[39m\u001b[0m \u001b[K"
    ],
    [
      1.5e-05,
      "\u001b[?2004h"
    ],
    [
      0.03566,
      "\r\r\u001b[0m\u001b[27m\u001b[24m\u001b[J\u001b[34m~/s/h/i/docs \u001b[1m\u001b[34m\u001b[31m❯\u001b[33m❯\u001b[32m❯\u001b[39m\u001b[0m \u001b[K\u001b[71C \u001b[1m\u001b[32mfeature/docs_asciinema\u001b[39m\u001b[0m \u001b[1m\u001b[31m✖\u001b[39m\u001b[0m \u001b[1m\u001b[34m✱\u001b[39m\u001b[0m \u001b[1m\u001b[37m◼\u001b[39m\u001b[0m\u001b[100D"
    ],
    [
      3.479237,
      "\u001b[?2004l\r\r\n"
    ],
    [
      0.038268,
      "\u001b[32m~ Asciicast recording finished.\u001b[0m\r\n"
    ],
    [
      0.023517,
      "\r\u001b[0m\u001b[27m\u001b[24m\u001b[J\u001b[34m~/s/h/i/docs \u001b[1m\u001b[34m\u001b[31m❯\u001b[33m❯\u001b[32m❯\u001b[39m\u001b[0m \u001b[K"
    ],
    [
      3.7e-05,
      "\u001b[?1h\u001b="
    ],
    [
      0.000255,
      "\r\r\u001b[0m\u001b[27m\u001b[24m\u001b[J\u001b[34m~/s/h/i/docs \u001b[1m\u001b[34m\u001b[31m❯\u001b[33m❯\u001b[32m❯\u001b[39m\u001b[0m \u001b[K"
    ],
    [
      1.5e-05,
      "\u001b[?2004h"
    ],
    [
      0.035513,
      "\r\r\u001b[0m\u001b[27m\u001b[24m\u001b[J\u001b[34m~/s/h/i/docs \u001b[1m\u001b[34m\u001b[31m❯\u001b[33m❯\u001b[32m❯\u001b[39m\u001b[0m \u001b[K\u001b[71C \u001b[1m\u001b[32mfeature/docs_asciinema\u001b[39m\u001b[0m \u001b[1m\u001b[31m✖\u001b[39m\u001b[0m \u001b[1m\u001b[34m✱\u001b[39m\u001b[0m \u001b[1m\u001b[37m◼\u001b[39m\u001b[0m\u001b[100D"
    ],
    [
      2.126047,
      "\u001b[?2004l\r\r\n"
    ]
  ]
}