{
    "variables": {
        "subnet_id": null,
        "source_ami": null,
        "aws_access_key": "{{env `AWS_ACCESS_KEY_ID`}}",
        "aws_secret_key": "{{env `AWS_SECRET_ACCESS_KEY`}}"
    },
    "builders": [
    {
        "access_key": "{{user `aws_access_key`}}",
        "secret_key": "{{user `aws_secret_key`}}",
        "type": "amazon-ebs",
        "region": "us-east-1",
        "source_ami": "{{user `source_ami`}}",
        "instance_type": "t2.micro",
        "ssh_username": "ec2-user",
        "ami_name": "cnd_salt-master-{{timestamp}}",
        "name": "cnd_salt-master-{{timestamp}}",
        "subnet_id": "{{user `subnet_id`}}",
        "tags":
        {
            "cost": "datamanager"
        },
        "associate_public_ip_address": true,
        "security_group_ids": ["sg-08ef7e2ea1638e4c3","sg-01cbb9b017afed3a0","sg-02a4b9b7e9c8c2e08"]
    }],
    "provisioners": [
    {
        "type": "file",
        "source": "../common-includes/ec2-tag",
        "destination": "/tmp/ec2-tag"
    },
    {
        "type": "file",
        "source": "../common-includes/salt-2018.3.2.repo",
        "destination": "/tmp/saltstack-amzn.repo"
    },
    {
        "type": "file",
        "source": "../common-includes/hmheng_repo.repo",
        "destination": "/tmp/hmheng_repo.repo"
    },
    {
        "type": "file",
        "source": "register-service.sh",
        "destination": "/tmp/register-service.sh"
    },
    {
        "type": "file",
        "source": "initialize_instance.sh",
        "destination": "/tmp/initialize_instance.sh"
    },
    {
        "type": "file",
        "source": "../common-includes/artifactory",
        "destination": "/tmp/artifactory"
    },
    {
        "type": "file",
        "source": "consul_client.json",
        "destination": "/tmp/consul_client.json"

    },
    {
        "type": "file",
        "source": "consul_upstart.conf",
        "destination": "/tmp/consul_upstart.conf"

    },
    {
        "type": "file",
        "source": "master.conf",
        "destination": "/tmp/master.conf"

    },
    {
        "type": "file",
        "source": "root-crontab",
        "destination": "/tmp/root-crontab"

    },
    {
        "type": "file",
        "source": "../../saltstack/states/salt/master/files/usr/local/bin/update-local-repo.sh",
        "destination": "/tmp/update-local-repo.sh"

    },
    {
      "destination": "/tmp/attach-eni.sh",
      "source": "attach-eni.sh",
      "type": "file"
    },
    {
        "type": "shell",
        "script": "provision.sh"
    }
    ]
}
