{
    "variables": {
        "aws_access_key": "",
        "aws_secret_key": "",
        "source_ami": null
    },
    "builders": [
    {
        "type": "amazon-ebs",
        "access_key": "{{user `aws_access_key`}}",
        "secret_key": "{{user `aws_secret_key`}}",
        "region": "us-east-1",
        "source_ami": "{{user `source_ami`}}",
        "instance_type": "t2.micro",
        "ssh_username": "ec2-user",
        "ami_name": "jenkins_slave {{timestamp}}",
        "subnet_id": "subnet-57fdec0e",
        "vpc_id": "vpc-e477f680",
        "launch_block_device_mappings": [{
            "device_name": "/dev/xvda",
            "volume_size": 100,
            "volume_type": "gp2",
            "delete_on_termination": true
        }]
    }],
    "provisioners": [
    {
      "type": "file",
      "source": "etc/sysconfig/docker",
      "destination": "/tmp/docker.sysconfig"
    },
    {
      "destination": "/tmp/ca.pem",
      "source": "../../saltstack/states/tls/files/etc/tls/pki/certs/ca.pem",
      "type": "file"
    },
    {
        "type": "shell",
        "script": "provision.sh"
    }
    ]
}
