{
    "variables": {
        "subnet_id": null,
        "source_ami": null,
        "vol_size_log": "100",
        "aws_access_key": "{{env `AWS_ACCESS_KEY_ID`}}",
        "aws_secret_key": "{{env `AWS_SECRET_ACCESS_KEY`}}"
    },
    "builders": [
        {
            "access_key": "{{user `aws_access_key`}}",
            "secret_key": "{{user `aws_secret_key`}}",
            "type": "amazon-ebs",
            "region": "us-east-1",
            "source_ami": "{{user `source_ami`}}",
            "instance_type": "t2.micro",
            "ssh_username": "ec2-user",
            "ami_name": "ebs-logvol-{{ user `vol_size_log` }}-{{timestamp}}",
            "subnet_id": "{{user `subnet_id`}}",
            "tags": {
                "cost": "datamanager"
            },
            "launch_block_device_mappings": [
                {
                    "device_name": "/dev/sdl",
                    "volume_type": "gp2",
                    "volume_size": "{{user `vol_size_log`}}",
                    "delete_on_termination": true
                }
            ],
            "ami_block_device_mappings": [
                {
                    "device_name": "/dev/sdl",
                    "volume_type": "gp2",
                    "volume_size": "{{user `vol_size_log`}}",
                    "delete_on_termination": true
                }
            ],
            "ami_description": "ebs backed instance with root volume & {{ user `vol_size_log` }}GB /dev/sdl volume mounted as /var/log"
        }
    ],
    "provisioners": [
        {
            "type": "file",
            "source": "../common-includes/salt-2018.3.2.repo",
            "destination": "/tmp/saltstack-amzn.repo"
        },
        {
            "type": "file",
            "source": "../common-includes/init-salt-from-tags",
            "destination": "/tmp/init-salt-from-tags"
        },
        {
            "type": "file",
            "source": "../common-includes/ec2-tag",
            "destination": "/tmp/ec2-tag"
        },
        {
            "type": "shell",
            "script": "provision.sh"
        }
    ]
}
