{
    "variables": {
        "subnet_id": null,
        "source_ami": null,
        "ami_version": null
    },
    "builders": [
    {
        "type": "amazon-ebs",
        "region": "us-east-1",
        "source_ami": "{{user `source_ami`}}",
        "instance_type": "t2.micro",
        "ssh_username": "openvpnas",
        "ami_name": "openvpn-as-{{user `ami_version`}}",
        "subnet_id": "{{user `subnet_id`}}",
        "tags":
        {
            "cost": "br_infra"
        }
    }],
    "provisioners": [
    {
      "type": "shell",
      "script": "update-kernel.sh"
    }]
}
