{
  "variables": {
    "subnet_id": null,
    "source_ami": null,
    "aws_access_key": "{{env `AWS_ACCESS_KEY_ID`}}",
    "aws_secret_key": "{{env `AWS_SECRET_ACCESS_KEY`}}"
  },
  "builders": [
    {
      "access_key": "{{user `aws_access_key`}}",
      "secret_key": "{{user `aws_secret_key`}}",
      "type": "amazon-ebs",
      "region": "us-east-1",
      "source_ami": "{{user `source_ami`}}",
      "instance_type": "t2.micro",
      "ssh_username": "ec2-user",
      "ami_name": "cnd-dns-{{timestamp}}",
      "subnet_id": "{{user `subnet_id`}}",
      "tags":
      {
        "cost": "datamanager"
      },
      "associate_public_ip_address": true,
      "security_group_ids": ["sg-861627cc","sg-a12b1aeb","sg-fe2b1ab4"]
    }
  ],
  "provisioners": [
    {
      "type": "file",
      "source": "../common-includes/salt-2018.3.2.repo",
      "destination": "/tmp/saltstack-amzn.repo"
    },{
      "type": "file",
      "source": "../common-includes/init-salt-from-tags",
      "destination": "/tmp/init-salt-from-tags"
    },
    {
      "destination": "/tmp/minion",
      "source": "../../saltstack/states/salt/minion/files/etc/salt/minion",
      "type": "file"
    },
    {
      "destination": "/tmp/returner.conf",
      "source": "../../saltstack/states/salt/minion/templates/etc/salt/minion.d/returner.conf",
      "type": "file"
    },
    {
      "type": "file",
      "source": "../common-includes/ec2-tag",
      "destination": "/tmp/ec2-tag"
    },
    {
      "destination": "/tmp/aws-vpc-dns",
      "source": "aws-vpc-dns.sh",
      "type": "file"
    },
    {
      "destination": "/tmp/attach-eni",
      "source": "attach-eni.sh",
      "type": "file"
    },
    {
      "destination": "/tmp/named.conf",
      "source": "../../saltstack/states/dns/templates/etc/named.conf.jinja",
      "type": "file"
    },
    {
      "type": "shell",
      "script": "../salt-minion-base/provision.sh"
    },
    {
      "type": "shell",
      "script": "provision.sh"
    }
  ]
}
