{
  "variables": {
    "subnet_id": null,
    "source_ami": null,
    "ami_version": null
  },
  "builders": [
    {
      "type": "amazon-ebs",
      "region": "us-east-1",
      "source_ami": "{{user `source_ami`}}",
      "instance_type": "t2.micro",
      "ssh_username": "ec2-user",
      "ami_name": "zookeeper-{{user `ami_version`}}",
      "subnet_id": "{{user `subnet_id`}}",
      "tags":
      {
        "cost": "br_infra"
      }
    }
  ],
  "provisioners": [
    {
      "type": "file",
      "source": "../common-includes/hmheng_repo.repo",
      "destination": "/tmp/hmheng_repo.repo"
    },
    {
      "type": "file",
      "source": "../common-includes/ec2-tag",
      "destination": "/tmp/ec2-tag"
    },
    {
      "destination": "/tmp/attach-eni",
      "source": "attach-eni.sh",
      "type": "file"
    },
    {
      "destination": "/tmp/ca.pem",
      "source": "../../saltstack/states/tls/files/etc/tls/pki/certs/ca.pem",
      "type": "file"
    },
    {
      "destination": "/tmp/minion",
      "source": "../../saltstack/states/salt/minion/files/etc/salt/minion",
      "type": "file"
    },
    {
      "destination": "/tmp/returner.conf",
      "source": "../../saltstack/states/salt/minion/templates/etc/salt/minion.d/returner.conf",
      "type": "file"
    },
    {
      "type": "shell",
      "script": "../salt-minion-base/provision.sh"
    },
    {
      "type": "shell",
      "script": "provision.sh"
    }
  ]
}
