{
  "variables": {
    "subnet_id": null,
    "source_ami": null,
    "aws_access_key": "{{env `AWS_ACCESS_KEY_ID`}}",
    "aws_secret_key": "{{env `AWS_SECRET_ACCESS_KEY`}}"
  },
  "builders": [{
    "access_key": "{{user `aws_access_key`}}",
    "secret_key": "{{user `aws_secret_key`}}",
    "type": "amazon-ebs",
    "region": "us-east-1",
    "source_ami": "{{user `source_ami`}}",
    "instance_type": "t2.medium",
    "ssh_username": "ec2-user",
    "ami_name": "cnd-nomad-base-image-{{timestamp}}",
    "subnet_id": "{{user `subnet_id`}}",
    "tags":
    {
      "cost": "datamanager"
    },
    "associate_public_ip_address": true,
    "security_group_ids": ["sg-08ef7e2ea1638e4c3","sg-01cbb9b017afed3a0","sg-02a4b9b7e9c8c2e08"]
  }],
  "provisioners":  [
    {
      "type": "file",
      "source": "../common-includes/salt-2018.3.2.repo",
      "destination": "/tmp/saltstack-amzn.repo"
    },
    {
      "type": "file",
      "source": "../common-includes/hmheng_repo.repo",
      "destination": "/tmp/hmheng_repo.repo"
    },
    {
      "type": "file",
      "source": "../common-includes/init-salt-from-tags",
      "destination": "/tmp/init-salt-from-tags"
    },
    {
      "destination": "/tmp/minion",
      "source": "../../saltstack/states/salt/minion/files/etc/salt/minion",
      "type": "file"
    },
    {
      "destination": "/tmp/returner.conf",
      "source": "../../saltstack/states/salt/minion/templates/etc/salt/minion.d/returner.conf",
      "type": "file"
    },
    {
      "type": "file",
      "source": "../common-includes/ec2-tag",
      "destination": "/tmp/ec2-tag"
    },
    {
      "type": "file",
      "source": "consul_client.json",
      "destination": "/tmp/consul_client.json"
    },
    {
      "type": "file",
      "source": "consul_upstart.conf",
      "destination": "/tmp/consul_upstart.conf"
    },
    {
      "type": "file",
      "source": "nomad_upstart.conf",
      "destination": "/tmp/nomad_upstart.conf"
    },
    {
      "type": "file",
      "source": "initialize-consul-nomad.sh",
      "destination": "/tmp/initialize-consul-nomad.sh"
    },
    {
      "type": "file",
      "source": "istio-proxy.nomad",
      "destination": "/tmp/istio-proxy.nomad"
    },
    {
      "type": "file",
      "source": "istio-init.yaml",
      "destination": "/tmp/istio-init.yaml"
    },
    {
      "type": "file",
      "source": "nomad.hcl",
      "destination": "/tmp/nomad.hcl"
    },
    {
      "type": "file",
      "source": "nomad_client.hcl",
      "destination": "/tmp/nomad_client.hcl"
    },
    {
      "type": "file",
      "source": "filebeat.yml",
      "destination": "/tmp/filebeat.yml"
    },
    {
      "type": "file",
      "source": "../common-includes/artifactory",
      "destination": "/tmp/artifactory"
    },
    {
      "type": "shell",
      "script": "../salt-minion-base/provision.sh"
    },
    {
      "type": "shell",
      "script": "provision.sh"
    }
  ]
}