{
    "variables": {
        "subnet_id": null,
        "source_ami": null,
        "ami_version": null
    },
    "builders": [
    {
        "type": "amazon-ebs",
        "region": "us-east-1",
        "source_ami": "{{user `source_ami`}}",
        "instance_type": "t2.micro",
        "ssh_username": "ec2-user",
        "ami_name": "salt-master-{{user `ami_version`}}",
        "subnet_id": "{{user `subnet_id`}}",
        "tags":
        {
            "cost": "br_infra"
        }
    }],
    "provisioners": [
    {
      "type": "file",
      "source": "../common-includes/hmheng_repo.repo",
      "destination": "/tmp/hmheng_repo.repo"
    },
    {
        "type": "file",
        "source": "../common-includes/ec2-tag",
        "destination": "/tmp/ec2-tag"
    },
    {
        "type": "file",
        "source": "../common-includes/salt-2017.7.1.repo",
        "destination": "/tmp/saltstack-amzn.repo"
    },
    {
        "type": "file",
        "source": "initialize_instance.sh",
        "destination": "/tmp/initialize_instance.sh"
    },
    {
        "type": "file",
        "source": "master.conf",
        "destination": "/tmp/master.conf"

    },
    {
        "type": "file",
        "source": "root-crontab",
        "destination": "/tmp/root-crontab"

    },
    {
        "type": "file",
        "source": "../../saltstack/states/salt/master/files/usr/local/bin/update-local-repo.sh",
        "destination": "/tmp/update-local-repo.sh"

    },
    {
      "destination": "/tmp/ca.pem",
      "source": "../../saltstack/states/tls/files/etc/tls/pki/certs/ca.pem",
      "type": "file"
    },
    {
      "destination": "/tmp/attach-eni.sh",
      "source": "attach-eni.sh",
      "type": "file"
    },
    {
        "type": "shell",
        "script": "provision.sh"
    }
    ]
}
