{
  "log_level": "INFO",
  "server": true,
  "ui": true,
  "data_dir": "/home/HOME_DIR/consul/data",
  "bind_addr": "IP_ADDRESS",
  "client_addr": "IP_ADDRESS",
  "advertise_addr": "IP_ADDRESS",
  "domain": "CONSUL_DNS",
  "bootstrap_expect": SERVER_COUNT,
  "skip_leave_on_interrupt": true,
  "leave_on_terminate": true,
  "service": {
    "name": "CONSUL_SERVICE_NAME"
  },
  "telemetry": {
    "prometheus_retention_time": "300s",
    "disable_hostname": true
  },
  "dns_config": {
    "recursor_timeout": "1s"
  },
  "recursors": [
    "AWS_DNS_IP"
  ]
}
